id,worker_id,condition,trial_id,ground_truth,participant_answer,time_spent_ms,created_at
008d73df-6414-4640-adaf-d220a8cc6fd3,P-MN4QR6CY-096LZE,with-ai,96,NOT_SARCASM,NOT_SARCASM,26286,2026-03-24 15:03:15.646169+00
02327937-c3d9-4193-9a46-6b9e6582bc73,P-MN4SB1JM-XI7KWK,no-ai,100,NOT_SARCASM,SARCASM,828,2026-03-24 15:43:47.001893+00
03de86d9-43f4-4741-a71d-6d53a3280ff4,P-MN4QR6CY-096LZE,with-ai,174,SARCASM,SARCASM,13173,2026-03-24 15:01:45.839215+00
04406cbc-94e6-4822-af8a-8b2c04a4d71d,P-MN4QRFUY-5YFWZO,with-ai,128,NOT_SARCASM,SARCASM,5170,2026-03-24 15:02:39.583906+00
05409948-2571-4d00-aa7c-822987cd7b89,P-MN4QR6CY-096LZE,with-ai,39,SARCASM,NOT_SARCASM,19196,2026-03-24 15:05:25.836113+00
08e7f452-0146-4161-b6eb-23459385134a,P-MNJ0SBB7-Y2S0PH,with-ai,44,NOT_SARCASM,NOT_SARCASM,1308,2026-04-03 14:59:00.159322+00
09785ee0-136e-4659-956f-7f8f56732c29,P-MN6R7MGL-LOF01Y,no-ai,141,NOT_SARCASM,NOT_SARCASM,10800,2026-03-26 00:49:27.646846+00
09d0661a-fcf9-4435-bf1e-f49b259d711a,P-MN4Q70OG-ZR65MK,no-ai,139,SARCASM,SARCASM,41246,2026-03-24 14:55:51.792002+00
0ab4a684-1b47-47a3-abef-3ef69d109460,P-MN4QR6CY-096LZE,with-ai,149,NOT_SARCASM,NOT_SARCASM,9004,2026-03-24 15:00:57.577918+00
0ae27a1e-ae56-4364-8490-b52ea23f6e93,P-MN4R5D37-QSKUAZ,no-ai,132,SARCASM,NOT_SARCASM,8995,2026-03-24 15:13:44.821542+00
0b2e5b4e-3c13-4a43-80eb-1a51203345f6,P-MN4QFLHS-WO5HMW,no-ai,13,SARCASM,SARCASM,15896,2026-03-24 14:53:33.948661+00
0b9880ad-2d8d-4325-b408-57e62e5386ca,P-MN4R5D37-QSKUAZ,no-ai,148,NOT_SARCASM,SARCASM,8692,2026-03-24 15:15:37.162859+00
0c03e808-9260-476e-908d-8bce5b32a57c,P-MN4W2OI8-KUVBRR,no-ai,67,SARCASM,SARCASM,81677,2026-03-24 17:35:04.41171+00
0cdd9f02-0c41-418f-82ec-ad913ffffe01,P-MN6QYDFE-Q5U4K4,with-ai,5,SARCASM,NOT_SARCASM,14028,2026-03-26 00:46:59.434362+00
0daa4757-ddbc-4c34-bf3a-9a513012d040,P-MN4SBZ4P-VW2H9K,with-ai,59,SARCASM,SARCASM,3433,2026-03-24 15:44:21.796561+00
0fe8ce1a-dba9-4af7-b0a0-01239d6edcdb,P-MN4QFLHS-WO5HMW,no-ai,114,SARCASM,SARCASM,14303,2026-03-24 14:55:48.855891+00
10732861-e776-41f0-a848-579070b460d6,P-MN4SB1JM-XI7KWK,no-ai,87,SARCASM,NOT_SARCASM,901,2026-03-24 15:43:47.984409+00
10ce3219-f626-402d-b7e9-f93443488ded,P-MN4SBZ4P-VW2H9K,with-ai,231,SARCASM,SARCASM,532,2026-03-24 15:44:36.915945+00
11089d86-0da6-4831-a79b-eabe299c538f,P-MN4RL5SN-IWZXI4,with-ai,162,SARCASM,SARCASM,3874,2026-03-24 15:23:53.440129+00
11f96d09-6e09-4daf-8348-efab71f7eafd,P-MN4Q70OG-ZR65MK,no-ai,27,SARCASM,SARCASM,7054,2026-03-24 14:53:56.596565+00
126ddd10-cbae-4952-98e7-503e739c32b1,P-MN4QRFUY-5YFWZO,with-ai,209,SARCASM,SARCASM,2235,2026-03-24 15:02:49.499722+00
12aa4dbd-f39e-4274-bac1-34f28b27d4a6,P-MN4R5D37-QSKUAZ,no-ai,190,NOT_SARCASM,NOT_SARCASM,15974,2026-03-24 15:15:13.548343+00
12cfe930-bb26-4b38-8b7e-fcf523338618,P-MN4Q70OG-ZR65MK,no-ai,23,SARCASM,NOT_SARCASM,19194,2026-03-24 14:56:11.076796+00
12dbfe3c-e41f-467b-9a3e-6b5705a0ef79,P-MN4RL5SN-IWZXI4,with-ai,103,NOT_SARCASM,SARCASM,13380,2026-03-24 15:27:45.813883+00
163c070d-eb3a-4b11-8e59-09de40036ddd,P-MN4Q70OG-ZR65MK,no-ai,132,SARCASM,NOT_SARCASM,29173,2026-03-24 14:49:25.204977+00
16a374b0-1929-4446-b776-36f43884bccd,P-MN4Q70OG-ZR65MK,no-ai,230,SARCASM,SARCASM,21364,2026-03-24 14:48:01.567392+00
170be41d-e147-476f-b7ab-11f766db5d42,P-MN4RL5SN-IWZXI4,with-ai,231,SARCASM,SARCASM,33419,2026-03-24 15:26:51.272472+00
177e457a-5659-4f6c-a831-3fa30796684a,P-MN4RCPOP-47G0AC,with-ai,156,SARCASM,SARCASM,6938,2026-03-24 15:17:41.063375+00
17dc187c-21fa-489c-b674-fa5744174cae,P-MN4R5D37-QSKUAZ,no-ai,135,NOT_SARCASM,NOT_SARCASM,8652,2026-03-24 15:15:45.91482+00
187ed352-c1e8-4795-84a8-628af7d1a121,P-MN4SB1JM-XI7KWK,no-ai,18,NOT_SARCASM,SARCASM,940,2026-03-24 15:43:44.691137+00
19764fcb-8463-4a56-81c9-838e267d13cf,P-MN4QR6CY-096LZE,with-ai,123,NOT_SARCASM,SARCASM,13685,2026-03-24 15:02:23.894627+00
1a06af59-5ab3-4279-959a-f21593c445fc,P-MN4RL5SN-IWZXI4,with-ai,135,NOT_SARCASM,NOT_SARCASM,5820,2026-03-24 15:24:18.044927+00
1afcf5e2-584b-44b5-8b33-c34a4a268490,P-MN4QRFUY-5YFWZO,with-ai,30,SARCASM,SARCASM,35355,2026-03-24 15:02:06.918079+00
1ba36f49-c450-4c77-8a3b-5ad3ada35a81,P-MNJ0SBB7-Y2S0PH,with-ai,178,NOT_SARCASM,SARCASM,1914,2026-04-03 14:58:55.131468+00
1d16e0e5-fa2b-4134-a854-bb6dd4fbbc0b,P-MN4QFLHS-WO5HMW,no-ai,127,SARCASM,SARCASM,11764,2026-03-24 14:54:59.120975+00
1d174f33-ccd6-4f61-9e43-f003ad1f4f6e,P-MN4RCPOP-47G0AC,with-ai,45,SARCASM,SARCASM,14822,2026-03-24 15:17:30.186475+00
1d9da332-940d-4a50-ae34-9700e7ac94aa,P-MN4SB1JM-XI7KWK,no-ai,127,SARCASM,SARCASM,1806,2026-03-24 15:43:49.875548+00
1ed5734b-173f-49b6-abed-4d40ad91da6f,P-MN4SB1JM-XI7KWK,no-ai,25,SARCASM,SARCASM,712,2026-03-24 15:43:39.34137+00
215d8876-ac97-4fac-bc78-085910b87c5d,P-MN6QYDFE-Q5U4K4,with-ai,151,NOT_SARCASM,SARCASM,316,2026-03-26 00:42:03.248777+00
22399e26-9aa5-41ea-a461-d9a960e4cb32,P-MN4W2OI8-KUVBRR,no-ai,89,SARCASM,SARCASM,278292,2026-03-24 17:33:42.400864+00
230c336b-f9c5-49ac-970b-5a9c6e6ca353,P-MN4RCPOP-47G0AC,with-ai,211,NOT_SARCASM,NOT_SARCASM,990,2026-03-24 15:18:13.339556+00
245f1c3f-9781-496b-98d1-db62db1b1d41,P-MN6R7MGL-LOF01Y,no-ai,129,SARCASM,SARCASM,6257,2026-03-26 00:51:09.876737+00
2636ac9f-4e6a-4724-a83c-167ec693dbfd,P-MN4Q70OG-ZR65MK,no-ai,214,NOT_SARCASM,SARCASM,20417,2026-03-24 14:56:31.573311+00
26eec0f3-b062-455f-ab9b-cd0a61b38466,P-MN4QYM0V-Y2P79R,no-ai,177,NOT_SARCASM,SARCASM,8288,2026-03-24 15:10:50.401886+00
2c175fff-9919-427b-b680-643edd91935c,P-MN4QR6CY-096LZE,with-ai,193,NOT_SARCASM,SARCASM,25642,2026-03-24 15:00:34.262667+00
2c970853-a29f-406a-9d32-889c5803efbb,P-MN4QR6CY-096LZE,with-ai,181,NOT_SARCASM,NOT_SARCASM,15435,2026-03-24 15:06:10.607464+00
301a8ff7-09a0-4950-b7ca-db63b3a6ce1f,P-MN4RL5SN-IWZXI4,with-ai,56,NOT_SARCASM,NOT_SARCASM,4760,2026-03-24 15:26:12.532534+00
304ffa03-d99a-491d-be27-4317b3c16a5d,P-MNJ0SBB7-Y2S0PH,with-ai,154,NOT_SARCASM,NOT_SARCASM,934,2026-04-03 14:59:08.392077+00
313e4e04-9941-4535-a91e-67483cbc5675,P-MN4Q70OG-ZR65MK,no-ai,39,SARCASM,SARCASM,141524,2026-03-24 14:51:47.058186+00
331ebef2-731e-445f-a20a-8bf8a8b8b852,P-MN4QFLHS-WO5HMW,no-ai,35,NOT_SARCASM,SARCASM,24008,2026-03-24 14:53:58.051972+00
379f1312-80df-409e-a077-90cfa8917bf2,P-MN4QYM0V-Y2P79R,no-ai,225,SARCASM,SARCASM,60002,2026-03-24 15:07:27.304062+00
37b03756-4cd0-48b9-b9b9-c7efdda7f473,P-MN4QFLHS-WO5HMW,no-ai,221,SARCASM,NOT_SARCASM,30143,2026-03-24 14:52:19.537573+00
3898845e-85aa-47a5-917b-03f3c319b86d,P-MN4SBZ4P-VW2H9K,with-ai,205,NOT_SARCASM,NOT_SARCASM,750,2026-03-24 15:44:37.762614+00
38f7d5a4-ef5e-45e3-b0ff-b9946a0baaa7,P-MN4R5D37-QSKUAZ,no-ai,137,NOT_SARCASM,SARCASM,10409,2026-03-24 15:15:28.369186+00
390538aa-9924-43a1-9d92-b259de9f9268,P-MN4Q70OG-ZR65MK,no-ai,7,SARCASM,SARCASM,122,2026-03-24 14:54:54.96585+00
3a0c0d46-d70c-4ff8-8951-bce015e25278,P-MNJ0SBB7-Y2S0PH,with-ai,68,NOT_SARCASM,SARCASM,628,2026-04-03 14:59:01.799079+00
3af97df1-f741-4aaa-8c1b-a2d580f5768d,P-MN4QFLHS-WO5HMW,no-ai,2,NOT_SARCASM,NOT_SARCASM,22846,2026-03-24 14:57:16.964819+00
3c33c127-57c1-4646-a01a-24e5ceb254f0,P-MNJ0SBB7-Y2S0PH,with-ai,166,NOT_SARCASM,SARCASM,533,2026-04-03 14:58:55.79979+00
3d1b4f1b-e260-4fd1-93d4-70dc7c2df2ee,P-MN4QRFUY-5YFWZO,with-ai,58,NOT_SARCASM,NOT_SARCASM,25989,2026-03-24 15:00:47.703384+00
3e3bdd2d-ddd9-46fb-b831-ac29152b7743,P-MN4SBZ4P-VW2H9K,with-ai,26,NOT_SARCASM,NOT_SARCASM,627,2026-03-24 15:44:35.431982+00
3e59d8a8-7687-45e7-9d47-25f9d63a9e35,P-MNJ0SBB7-Y2S0PH,with-ai,209,SARCASM,SARCASM,1167,2026-04-03 14:58:58.694881+00
3ed2ae34-72fd-4001-acd9-53df08b5b80e,P-MN6QYDFE-Q5U4K4,with-ai,170,SARCASM,SARCASM,14330,2026-03-26 00:43:26.57079+00
3fe67619-1457-4f89-ad95-6f03deb51008,P-MN4R5D37-QSKUAZ,no-ai,37,SARCASM,SARCASM,4886,2026-03-24 15:13:01.323966+00
410a6f7d-5f7e-4565-be47-76aec836f0de,P-MN4QR6CY-096LZE,with-ai,124,NOT_SARCASM,SARCASM,3848,2026-03-24 15:01:32.545755+00
425d67a2-7d6c-416b-aec2-12c0e8732308,P-MN4QYM0V-Y2P79R,no-ai,161,NOT_SARCASM,NOT_SARCASM,10613,2026-03-24 15:08:22.036638+00
43b1b6b6-634e-4473-a9a8-4ae15c383424,P-MN4R5D37-QSKUAZ,no-ai,142,SARCASM,NOT_SARCASM,25783,2026-03-24 15:11:42.317186+00
44163eeb-1b77-4798-b5a9-5cdf310ced36,P-MN4RCPOP-47G0AC,with-ai,121,NOT_SARCASM,SARCASM,4475,2026-03-24 15:17:48.446897+00
44d38d88-3503-48d6-beae-c7c069c6feda,P-MN4QR6CY-096LZE,with-ai,74,SARCASM,SARCASM,9686,2026-03-24 15:01:28.618212+00
460f0c0a-807b-469a-a20f-f3222c679f11,P-MN4RCPOP-47G0AC,with-ai,28,SARCASM,SARCASM,2461,2026-03-24 15:17:10.982623+00
46ed24dc-6e1b-402d-89a9-acdd158e50d7,P-MN6R7MGL-LOF01Y,no-ai,95,NOT_SARCASM,NOT_SARCASM,8967,2026-03-26 00:48:48.837875+00
4929f2b8-cbe2-4cc7-b4bb-1657f514853f,P-MN4RCPOP-47G0AC,with-ai,123,NOT_SARCASM,SARCASM,1927,2026-03-24 15:17:50.462819+00
4970d57e-7e0e-47a3-8e3e-d7e3e794d69e,P-MN4SB1JM-XI7KWK,no-ai,147,NOT_SARCASM,SARCASM,796,2026-03-24 15:43:43.666734+00
49eb63be-4d9d-4d8c-80bd-236570beb4ac,P-MN4RL5SN-IWZXI4,with-ai,11,NOT_SARCASM,SARCASM,7430,2026-03-24 15:27:53.329473+00
49fa50b7-854d-44c1-adab-c4d1975d2c5e,P-MN4Q70OG-ZR65MK,no-ai,194,SARCASM,SARCASM,3953,2026-03-24 14:54:00.706826+00
4adf791b-c47e-4496-bc7f-41cf575194f3,P-MN4SBZ4P-VW2H9K,with-ai,235,SARCASM,SARCASM,965,2026-03-24 15:44:22.844088+00
4b62e844-595a-4a6e-b580-4a44e90d55bf,P-MN6R7MGL-LOF01Y,no-ai,53,SARCASM,SARCASM,4949,2026-03-26 00:51:03.439495+00
4bed39f7-2cb1-495d-957f-fa349b044190,P-MN4QFLHS-WO5HMW,no-ai,160,SARCASM,SARCASM,25860,2026-03-24 14:55:25.093773+00
4f2631db-5153-4b23-bde0-e95bde3d6e5d,P-MN4QYM0V-Y2P79R,no-ai,45,SARCASM,NOT_SARCASM,30951,2026-03-24 15:06:26.985405+00
508a336e-d0ae-4791-8bb6-6282f65ccb2f,P-MN4QRFUY-5YFWZO,with-ai,205,NOT_SARCASM,NOT_SARCASM,2605,2026-03-24 15:03:13.662109+00
51fb8d31-1e63-4ae9-b440-0c7aae53089b,P-MN4RL5SN-IWZXI4,with-ai,59,SARCASM,SARCASM,11851,2026-03-24 15:28:14.598548+00
566a033f-2e93-4852-92da-3ffec6a7f5f1,P-MNJ0SBB7-Y2S0PH,with-ai,52,NOT_SARCASM,NOT_SARCASM,549,2026-04-03 14:59:07.354172+00
57cb8bf1-7644-4232-b7ad-31a2714234ac,P-MN6R7MGL-LOF01Y,no-ai,1,SARCASM,NOT_SARCASM,10249,2026-03-26 00:48:39.159052+00
58f92abe-89de-403b-854c-9f2a2bc1e888,P-MN4R5D37-QSKUAZ,no-ai,27,SARCASM,NOT_SARCASM,38370,2026-03-24 15:14:57.41668+00
5947c49e-8814-4f7f-a9e8-803214bd31ba,P-MN4Q70OG-ZR65MK,no-ai,171,NOT_SARCASM,NOT_SARCASM,54079,2026-03-24 14:48:55.911037+00
59f92ef0-3622-4017-aa2c-9b8c4989312d,P-MN4QYM0V-Y2P79R,no-ai,223,NOT_SARCASM,NOT_SARCASM,20169,2026-03-24 15:08:03.435744+00
5d0e9812-5aa1-4e72-9f79-506c782b05bd,P-MN4QYM0V-Y2P79R,no-ai,117,SARCASM,NOT_SARCASM,10334,2026-03-24 15:10:04.953777+00
5fc6eaa6-6aeb-4b7a-a10a-cab744c7c911,P-MN4QRFUY-5YFWZO,with-ai,110,NOT_SARCASM,NOT_SARCASM,1772,2026-03-24 15:02:45.894228+00
600d86ff-5afd-4fe4-b7ae-5303dce1ea56,P-MN4Q70OG-ZR65MK,no-ai,172,NOT_SARCASM,SARCASM,15304,2026-03-24 14:55:10.402707+00
602fa70d-18b0-4a44-b47e-bb6f17735927,P-MN4SBZ4P-VW2H9K,with-ai,29,SARCASM,SARCASM,1008,2026-03-24 15:44:28.179087+00
6057ca24-022d-4d1e-9044-bb37eef58ea8,P-MN4RCPOP-47G0AC,with-ai,182,SARCASM,SARCASM,16854,2026-03-24 15:18:09.118665+00
61570528-235e-45c5-98f6-2b4e77bda344,P-MN4SB1JM-XI7KWK,no-ai,36,SARCASM,SARCASM,910,2026-03-24 15:43:57.684385+00
624b06ed-6b36-45df-8c3a-cd71634576c8,P-MNJ0SBB7-Y2S0PH,with-ai,4,SARCASM,SARCASM,703,2026-04-03 14:59:11.529629+00
63920cc0-dad2-4512-9aa7-29c6a5e53229,P-MN4Q70OG-ZR65MK,no-ai,157,SARCASM,NOT_SARCASM,85163,2026-03-24 14:47:24.855926+00
64453e17-6730-4514-9523-7a44e008f857,P-MN4Q70OG-ZR65MK,no-ai,72,SARCASM,SARCASM,53944,2026-03-24 14:54:54.748892+00
645577ce-ef7f-4c52-bb50-3f53c501396d,P-MN4RL5SN-IWZXI4,with-ai,34,SARCASM,NOT_SARCASM,22404,2026-03-24 15:23:49.438094+00
656ed79d-2de1-4b5d-a1db-0d947f928e45,P-MN4QYM0V-Y2P79R,no-ai,14,NOT_SARCASM,SARCASM,8166,2026-03-24 15:10:58.6661+00
65b3d061-5c32-4708-89ba-ae9b8d4c2d98,P-MN4SBZ4P-VW2H9K,with-ai,212,SARCASM,NOT_SARCASM,865,2026-03-24 15:44:29.143474+00
66355ae8-21d9-46e1-a839-b4a18aedc5f0,P-MNJ0SBB7-Y2S0PH,with-ai,87,SARCASM,NOT_SARCASM,1956,2026-04-03 14:59:14.870129+00
66752770-d94e-429c-a01f-aff411363b0a,P-MN6R7MGL-LOF01Y,no-ai,160,SARCASM,SARCASM,4892,2026-03-26 00:50:58.249073+00
6893f2d2-266a-47cb-bf2c-5e7d4b076970,P-MN6R7MGL-LOF01Y,no-ai,156,SARCASM,SARCASM,15072,2026-03-26 00:49:09.941304+00
68a45d02-4099-4f5f-8e29-39c4a6a9f1b9,P-MN6R7MGL-LOF01Y,no-ai,194,SARCASM,SARCASM,7296,2026-03-26 00:52:11.103956+00
6930eb8b-bef2-49f4-8e7c-18e03c407a33,P-MN4Q70OG-ZR65MK,no-ai,200,NOT_SARCASM,SARCASM,58136,2026-03-24 14:57:29.866163+00
6a983dd5-f3e3-47c2-9523-47b12ee71a46,P-MN4QYM0V-Y2P79R,no-ai,42,SARCASM,SARCASM,23249,2026-03-24 15:10:41.942124+00
6b2c8045-6c7c-4564-aa81-23dc9cf480f9,P-MN4SBZ4P-VW2H9K,with-ai,228,NOT_SARCASM,SARCASM,1036,2026-03-24 15:44:30.264213+00
6c8085b8-a3ae-490a-8890-34b1f6eeddef,P-MNJ0SBB7-Y2S0PH,with-ai,168,SARCASM,NOT_SARCASM,865,2026-04-03 14:59:12.562491+00
6ce2d0a4-488f-4cf5-80c1-71a3459cefe8,P-MN4R5D37-QSKUAZ,no-ai,121,NOT_SARCASM,SARCASM,7027,2026-03-24 15:11:49.419558+00
6e4a217e-f0c8-4138-8c5c-624f8a586482,P-MN4RCPOP-47G0AC,with-ai,208,NOT_SARCASM,SARCASM,2092,2026-03-24 15:17:04.502387+00
6ea8b523-b2ed-43be-adcb-ee7f55a1024b,P-MN4R5D37-QSKUAZ,no-ai,125,SARCASM,SARCASM,17158,2026-03-24 15:13:35.749003+00
6fa34d63-2d91-4898-a92d-b9699c780277,P-MN4QRFUY-5YFWZO,with-ai,146,SARCASM,NOT_SARCASM,1620,2026-03-24 15:03:21.060529+00
702128fd-3f92-4fd1-b1d1-4485ddb06eb6,P-MN4QFLHS-WO5HMW,no-ai,65,SARCASM,NOT_SARCASM,34545,2026-03-24 14:51:49.260419+00
702528ce-e05d-4932-b5a7-47f0b1424830,P-MNJ0SBB7-Y2S0PH,with-ai,75,NOT_SARCASM,SARCASM,659,2026-04-03 14:59:09.153177+00
7156ac09-3263-4526-8d4e-875b3bf6654b,P-MN4QRFUY-5YFWZO,with-ai,88,SARCASM,NOT_SARCASM,18244,2026-03-24 15:01:06.014451+00
722d2e29-63d1-4888-961f-d72db36cb1e0,P-MN6QYDFE-Q5U4K4,with-ai,67,SARCASM,SARCASM,46398,2026-03-26 00:43:11.194813+00
724db4a6-fa70-4b11-bfde-0aed5a375ff7,P-MN4RCPOP-47G0AC,with-ai,26,NOT_SARCASM,NOT_SARCASM,1495,2026-03-24 15:17:08.422374+00
725280c0-5f20-4fcb-b98d-c454b48b29b2,P-MN4RL5SN-IWZXI4,with-ai,244,NOT_SARCASM,SARCASM,6160,2026-03-24 15:25:23.718983+00
72a993fe-ee1f-422f-8cc5-edec8f0e6813,P-MN4RCPOP-47G0AC,with-ai,195,NOT_SARCASM,NOT_SARCASM,1682,2026-03-24 15:17:14.096888+00
72ff4433-3724-41d8-a278-305ed26cf75a,P-MN4RL5SN-IWZXI4,with-ai,125,SARCASM,NOT_SARCASM,15786,2026-03-24 15:27:32.347965+00
749844e8-ec85-4b60-8c77-2e00aed9f455,P-MN6QYDFE-Q5U4K4,with-ai,69,NOT_SARCASM,NOT_SARCASM,17435,2026-03-26 00:42:21.325348+00
759bf74b-de3b-4411-89cd-b364607101d1,P-MN4SBZ4P-VW2H9K,with-ai,237,NOT_SARCASM,SARCASM,1198,2026-03-24 15:44:27.085364+00
75e68b1b-c778-45bb-898a-cc91b4db846f,P-MN4SB1JM-XI7KWK,no-ai,14,NOT_SARCASM,SARCASM,1046,2026-03-24 15:43:54.6758+00
766081e6-d71c-4c20-a4aa-f335eee2c4ca,P-MN6QYDFE-Q5U4K4,with-ai,11,NOT_SARCASM,SARCASM,9859,2026-03-26 00:45:00.932415+00
76c559e6-8139-483c-a483-30bcd5d95472,P-MN4RCPOP-47G0AC,with-ai,112,NOT_SARCASM,NOT_SARCASM,2108,2026-03-24 15:18:11.312326+00
77584dbf-bd1e-49fd-92bb-03dcdab08038,P-MN4QRFUY-5YFWZO,with-ai,191,NOT_SARCASM,NOT_SARCASM,1587,2026-03-24 15:02:42.658162+00
77c48556-aef0-4543-aa2b-261232ea7eb7,P-MN6QYDFE-Q5U4K4,with-ai,144,SARCASM,SARCASM,25263,2026-03-26 00:44:25.575378+00
79dc659e-0995-4d37-a056-59455af96154,P-MN4QR6CY-096LZE,with-ai,139,SARCASM,SARCASM,9996,2026-03-24 15:05:06.532132+00
7a04d4e2-b6dd-4f4b-ae0f-886c657e54da,P-MN4QFLHS-WO5HMW,no-ai,148,NOT_SARCASM,SARCASM,44213,2026-03-24 14:53:03.863974+00
7a63a404-9495-44d9-a04f-319fd1524e28,P-MN4QFLHS-WO5HMW,no-ai,74,SARCASM,NOT_SARCASM,12094,2026-03-24 14:58:03.379637+00
7ab92fcb-c8d2-44dd-a773-24c0e6efa1da,P-MN6R7MGL-LOF01Y,no-ai,149,NOT_SARCASM,NOT_SARCASM,6399,2026-03-26 00:49:16.637657+00
7b36b10d-d36e-4a3a-bf07-769bc62a2d0f,P-MN4QR6CY-096LZE,with-ai,99,NOT_SARCASM,NOT_SARCASM,14133,2026-03-24 15:00:48.4939+00
7b864865-a064-4e47-ad04-9c41b096f730,P-MN6QYDFE-Q5U4K4,with-ai,17,NOT_SARCASM,SARCASM,23549,2026-03-26 00:41:59.401531+00
7c43f352-3831-4106-be17-ad039814034b,P-MN4SB1JM-XI7KWK,no-ai,118,SARCASM,NOT_SARCASM,1038,2026-03-24 15:43:53.548056+00
7c90a80d-5d9a-4af1-b850-aa2f5b70f083,P-MN4Q70OG-ZR65MK,no-ai,201,SARCASM,SARCASM,95789,2026-03-24 14:53:22.955794+00
7cd9daf9-09cf-4116-902d-28016f72a864,P-MN4R5D37-QSKUAZ,no-ai,120,SARCASM,SARCASM,17113,2026-03-24 15:13:18.518513+00
7d03fdab-734f-48c2-95eb-78639d81dd3d,P-MN4SBZ4P-VW2H9K,with-ai,225,SARCASM,SARCASM,504,2026-03-24 15:44:23.413885+00
7d15548a-f323-4c35-bab3-56fab77eb88f,P-MN6QYDFE-Q5U4K4,with-ai,134,SARCASM,NOT_SARCASM,5558,2026-03-26 00:44:31.350239+00
7d8dc3df-60df-4576-a91d-586be1101005,P-MN4QRFUY-5YFWZO,with-ai,6,SARCASM,SARCASM,843,2026-03-24 15:03:17.464869+00
806e61a8-728c-4344-a488-2959df8d48d6,P-MN4Q70OG-ZR65MK,no-ai,235,SARCASM,SARCASM,68098,2026-03-24 14:45:59.13163+00
8103b902-8f45-44fe-83a0-857e0ee13dd4,P-MN6QYDFE-Q5U4K4,with-ai,203,NOT_SARCASM,SARCASM,25848,2026-03-26 00:46:00.720646+00
815acff6-2a72-47dc-9b02-2ebc0626b35e,P-MN4QRFUY-5YFWZO,with-ai,150,SARCASM,NOT_SARCASM,25375,2026-03-24 15:01:31.462105+00
82d0f1e2-688f-44fc-91ce-a4a00fb3e675,P-MN4QFLHS-WO5HMW,no-ai,74,SARCASM,NOT_SARCASM,11045,2026-03-24 14:58:02.32847+00
835b8755-3197-4716-a468-e8ba4aa1b3f8,P-MN6R7MGL-LOF01Y,no-ai,183,SARCASM,SARCASM,5325,2026-03-26 00:51:54.391141+00
8468720b-6410-4668-8507-93e381a34e8b,P-MN6QYDFE-Q5U4K4,with-ai,80,NOT_SARCASM,NOT_SARCASM,16128,2026-03-26 00:44:47.766053+00
84c85453-2c71-4882-8901-a5f9af04c776,P-MN6R7MGL-LOF01Y,no-ai,5,SARCASM,NOT_SARCASM,2775,2026-03-26 00:50:53.096777+00
853c611b-41d3-4b06-9f09-6f2850851f3f,P-MN4QYM0V-Y2P79R,no-ai,68,NOT_SARCASM,SARCASM,14387,2026-03-24 15:11:40.808897+00
858492c5-6529-487f-a4e6-fce0bf48d66d,P-MN4RCPOP-47G0AC,with-ai,3,NOT_SARCASM,SARCASM,2723,2026-03-24 15:17:43.881579+00
85b49775-b71f-47d8-b966-b0c24a5b1075,P-MN4QFLHS-WO5HMW,no-ai,190,NOT_SARCASM,NOT_SARCASM,9272,2026-03-24 14:55:34.469301+00
884ec5e2-382a-4cc6-9237-8c45f5dcccb3,P-MN4SB1JM-XI7KWK,no-ai,162,SARCASM,NOT_SARCASM,743,2026-03-24 15:43:42.784644+00
88db1079-aefc-4e1c-a18e-613d98162ecb,P-MNJ0SBB7-Y2S0PH,with-ai,87,SARCASM,NOT_SARCASM,690,2026-04-03 14:59:13.350581+00
8a1a8de7-d462-4355-881e-960b23ca35a2,P-MN4RCPOP-47G0AC,with-ai,24,SARCASM,SARCASM,1217,2026-03-24 15:17:12.29752+00
8adeb8cd-245d-457e-98eb-cd842820de91,P-MN6QYDFE-Q5U4K4,with-ai,3,NOT_SARCASM,SARCASM,8262,2026-03-26 00:46:38.882695+00
8f1ec4bf-0aac-4ad3-99ff-c6a2e2c62e8b,P-MN4RL5SN-IWZXI4,with-ai,68,NOT_SARCASM,SARCASM,25100,2026-03-24 15:27:16.468664+00
9049fbd4-6357-491f-b819-61e1fce7598b,P-MN4SBZ4P-VW2H9K,with-ai,116,NOT_SARCASM,NOT_SARCASM,819,2026-03-24 15:44:33.164968+00
90a380e2-a7fc-44bf-ac11-e78529dae971,P-MN4R5D37-QSKUAZ,no-ai,38,NOT_SARCASM,SARCASM,26876,2026-03-24 15:14:18.843264+00
9111160c-5c1c-44ea-bc7b-15e820b12b38,P-MNJ0SBB7-Y2S0PH,with-ai,30,SARCASM,NOT_SARCASM,714,2026-04-03 14:59:02.604095+00
91c8616b-9e49-47f2-9173-72436b1de2f4,P-MNJ0SBB7-Y2S0PH,with-ai,46,SARCASM,SARCASM,51232,2026-04-03 14:58:52.931165+00
96d859b9-9ffa-4eae-aa9f-2860221fb69e,P-MN4RL5SN-IWZXI4,with-ai,189,SARCASM,SARCASM,13614,2026-03-24 15:24:12.105399+00
97b1693d-c46a-4097-b4e5-ebcae6408500,P-MN4QYM0V-Y2P79R,no-ai,88,SARCASM,SARCASM,7278,2026-03-24 15:11:48.17635+00
99cc1621-0542-4cf6-8c66-f8433f100313,P-MN4SB1JM-XI7KWK,no-ai,248,SARCASM,SARCASM,969,2026-03-24 15:43:56.6449+00
9a8cdf7c-5789-40d1-9786-a8b2cdbb545d,P-MN4RL5SN-IWZXI4,with-ai,83,NOT_SARCASM,NOT_SARCASM,5381,2026-03-24 15:26:19.694851+00
9cc5975c-eee7-49dd-80b8-1b7aee6e00ef,P-MN4QYM0V-Y2P79R,no-ai,138,SARCASM,SARCASM,27560,2026-03-24 15:11:26.314045+00
9dd2312f-023b-4994-ad83-026ac602a1a6,P-MNJ0SBB7-Y2S0PH,with-ai,47,SARCASM,NOT_SARCASM,701,2026-04-03 14:59:01.081481+00
a172cfd9-56f5-4eab-86c4-24dd57fb6b9d,P-MNJ0SBB7-Y2S0PH,with-ai,110,NOT_SARCASM,NOT_SARCASM,568,2026-04-03 14:59:10.657517+00
a3050b36-e938-4942-b0d5-fed5d0bc7aa9,P-MN4SBZ4P-VW2H9K,with-ai,1,SARCASM,NOT_SARCASM,967,2026-03-24 15:44:32.281649+00
a30f8720-c365-4187-83cd-5bc90c2ad2da,P-MN4QYM0V-Y2P79R,no-ai,136,SARCASM,NOT_SARCASM,14004,2026-03-24 15:08:36.135496+00
a332633b-024c-436b-b943-f8ce8d86da2f,P-MN6R7MGL-LOF01Y,no-ai,43,NOT_SARCASM,NOT_SARCASM,12904,2026-03-26 00:51:29.007447+00
a40a485b-9a8b-4d14-aa6b-18b97c24ca71,P-MN4SBZ4P-VW2H9K,with-ai,120,SARCASM,NOT_SARCASM,809,2026-03-24 15:44:31.147749+00
a5c90bd5-b612-4cc7-a280-7f6dde62f751,P-MN4SBZ4P-VW2H9K,with-ai,229,SARCASM,SARCASM,1188,2026-03-24 15:44:39.099777+00
a8841728-a566-48a9-8ed0-6ee9d0e61747,P-MN4Q70OG-ZR65MK,no-ai,5,SARCASM,NOT_SARCASM,26256,2026-03-24 14:53:49.334474+00
a97d0906-3b4c-41af-aaa2-50855603a9e4,P-MN4QRFUY-5YFWZO,with-ai,98,NOT_SARCASM,SARCASM,1310,2026-03-24 15:02:44.041406+00
aa4edb7e-cf3d-4bca-998e-cf952a49b31d,P-MN6QYDFE-Q5U4K4,with-ai,183,SARCASM,SARCASM,4273,2026-03-26 00:45:05.391504+00
ac40199d-4501-4a93-9251-ea8aa185b235,P-MNJ0SBB7-Y2S0PH,with-ai,227,SARCASM,NOT_SARCASM,719,2026-04-03 14:59:09.976797+00
accd68a4-b17a-4a25-9fd5-8160c82d5d1e,P-MN4RL5SN-IWZXI4,with-ai,214,NOT_SARCASM,NOT_SARCASM,17716,2026-03-24 15:28:32.392403+00
ad0436f7-51df-4c9b-8bf1-6acd6491f125,P-MN4QRFUY-5YFWZO,with-ai,109,SARCASM,SARCASM,13661,2026-03-24 15:03:10.983916+00
ad3954e7-5fbc-4227-bc8d-c11bad36c14b,P-MN4R5D37-QSKUAZ,no-ai,41,SARCASM,SARCASM,16390,2026-03-24 15:12:56.357446+00
adf5bf9e-29ec-4f3f-898c-0c32b7919ac9,P-MN4QRFUY-5YFWZO,with-ai,248,SARCASM,SARCASM,925,2026-03-24 15:03:18.466271+00
ae4a2853-c350-45c8-b704-8c7181c5f5e0,P-MN4RL5SN-IWZXI4,with-ai,60,NOT_SARCASM,NOT_SARCASM,1610,2026-03-24 15:26:14.229763+00
ae89b8d2-fb73-44dc-b126-7e402e57e5ac,P-MN6R7MGL-LOF01Y,no-ai,146,SARCASM,NOT_SARCASM,5494,2026-03-26 00:51:15.675204+00
aed0e336-491d-4956-9f5e-165987f625d6,P-MN6R7MGL-LOF01Y,no-ai,115,NOT_SARCASM,SARCASM,7275,2026-03-26 00:52:03.124377+00
afca9677-d7e6-49b6-8ba4-1cf326c1491c,P-MN4R5D37-QSKUAZ,no-ai,247,SARCASM,SARCASM,8715,2026-03-24 15:11:58.216743+00
b0c7c2d2-20a5-4b1e-aa60-30e2687e0b2f,P-MNJ0SBB7-Y2S0PH,with-ai,81,SARCASM,SARCASM,1544,2026-04-03 14:58:57.442836+00
b2c6738f-f6f2-41d0-bf9d-0bc80697aab3,P-MN4R5D37-QSKUAZ,no-ai,115,NOT_SARCASM,NOT_SARCASM,6987,2026-03-24 15:13:51.888627+00
b2c83250-5989-4953-9f04-3282995d1859,P-MN4QYM0V-Y2P79R,no-ai,175,NOT_SARCASM,NOT_SARCASM,26290,2026-03-24 15:12:14.570694+00
b379d34e-a3e8-40a4-a936-c1c20ce95657,P-MN4QFLHS-WO5HMW,no-ai,229,SARCASM,SARCASM,9092,2026-03-24 14:54:47.261046+00
b4dc7123-220d-4ecb-ab49-bf62e7c0655f,P-MN4SBZ4P-VW2H9K,with-ai,36,SARCASM,SARCASM,785,2026-03-24 15:44:36.283653+00
b4f8e7c0-6c5a-4167-9047-cd61d9561738,P-MN6QYDFE-Q5U4K4,with-ai,169,SARCASM,SARCASM,29310,2026-03-26 00:46:30.422704+00
b5389a9e-63b9-46f9-b636-a5151677214e,P-MN4SB1JM-XI7KWK,no-ai,181,NOT_SARCASM,NOT_SARCASM,818,2026-03-24 15:43:55.59864+00
b5392beb-0eec-4c2f-b7db-e9c2aae08e6c,P-MN4QFLHS-WO5HMW,no-ai,151,NOT_SARCASM,NOT_SARCASM,25561,2026-03-24 14:57:42.61991+00
b5adda9b-b8ab-4f91-ba70-5ddb992a04c3,P-MN4QR6CY-096LZE,with-ai,194,SARCASM,SARCASM,24197,2026-03-24 15:02:10.12331+00
b5caa0ec-fe0a-4f7b-b646-1f18bf338ab1,P-MN4QR6CY-096LZE,with-ai,218,NOT_SARCASM,NOT_SARCASM,25295,2026-03-24 15:02:49.263512+00
b6205a78-7f88-4658-a833-ca079673388d,P-MN4SBZ4P-VW2H9K,with-ai,175,NOT_SARCASM,NOT_SARCASM,762,2026-03-24 15:44:25.085196+00
b67615b6-cda2-4a04-965e-82f229794063,P-MN4QFLHS-WO5HMW,no-ai,50,SARCASM,SARCASM,7659,2026-03-24 14:56:18.476986+00
b7784fdd-69e4-4428-9f6e-6dd919f17f7a,P-MN4RCPOP-47G0AC,with-ai,101,SARCASM,SARCASM,7600,2026-03-24 15:17:02.287154+00
b7fcc576-d580-4dda-941d-3388b887fdac,P-MN4R5D37-QSKUAZ,no-ai,33,NOT_SARCASM,SARCASM,8534,2026-03-24 15:15:54.546477+00
b808bf7c-82c5-406e-bcc8-ffdd271441cb,P-MN4QFLHS-WO5HMW,no-ai,44,NOT_SARCASM,NOT_SARCASM,8489,2026-03-24 14:57:51.194672+00
b8f3d094-143f-45a3-b2fe-672a33a970f6,P-MN4SB1JM-XI7KWK,no-ai,129,SARCASM,NOT_SARCASM,2316,2026-03-24 15:43:37.077233+00
ba3cc759-30d7-4934-9956-3abc27850fee,P-MN4SB1JM-XI7KWK,no-ai,101,SARCASM,SARCASM,1234,2026-03-24 15:43:46.001637+00
bb990fb8-07e9-444f-9830-7d2f9556b884,P-MN4QYM0V-Y2P79R,no-ai,91,NOT_SARCASM,SARCASM,17968,2026-03-24 15:08:54.206703+00
bde91886-73ae-4562-88c5-f1045ab49f40,P-MN4SB1JM-XI7KWK,no-ai,85,NOT_SARCASM,NOT_SARCASM,1010,2026-03-24 15:43:40.440199+00
be92b611-9d9d-49f1-8687-efde14986b48,P-MNJ0SBB7-Y2S0PH,with-ai,216,NOT_SARCASM,SARCASM,1539,2026-04-03 14:59:04.250869+00
be9731ca-b9db-4d4b-a381-5bbe9f6b236f,P-MN4QYM0V-Y2P79R,no-ai,17,NOT_SARCASM,SARCASM,4063,2026-03-24 15:07:43.179981+00
bedada9a-ed83-4104-9abf-c4088a0449bf,P-MN4RCPOP-47G0AC,with-ai,95,NOT_SARCASM,SARCASM,1072,2026-03-24 15:17:15.267698+00
c04b5cd6-cce9-413c-93ba-73d83953fd0c,P-MN6R7MGL-LOF01Y,no-ai,169,SARCASM,SARCASM,2196,2026-03-26 00:50:25.758211+00
c164459b-a98c-4965-a62f-d603a6f417d1,P-MN4QRFUY-5YFWZO,with-ai,69,NOT_SARCASM,SARCASM,1219,2026-03-24 15:02:47.18981+00
c1a82613-894e-45eb-b529-6279309d1626,P-MNJ0SBB7-Y2S0PH,with-ai,103,NOT_SARCASM,NOT_SARCASM,727,2026-04-03 14:59:06.692529+00
c1c5126b-446e-498f-b99f-9db8715816a0,P-MN6QYDFE-Q5U4K4,with-ai,197,SARCASM,SARCASM,14593,2026-03-26 00:43:52.399336+00
c26986de-b0ff-4759-a2d6-f95b8d38b7e4,P-MN4R5D37-QSKUAZ,no-ai,22,NOT_SARCASM,NOT_SARCASM,28507,2026-03-24 15:12:39.892962+00
c2b2efd5-0854-42ec-955a-a3c65147d1f7,P-MN4Q70OG-ZR65MK,no-ai,16,SARCASM,SARCASM,6505,2026-03-24 14:58:11.832769+00
c2ea9e22-4898-4cec-9765-c89966934814,P-MN4SB1JM-XI7KWK,no-ai,250,NOT_SARCASM,SARCASM,713,2026-03-24 15:43:41.951831+00
c393de77-c350-4e47-aebf-9397a063ea9e,P-MN4SBZ4P-VW2H9K,with-ai,22,NOT_SARCASM,NOT_SARCASM,750,2026-03-24 15:44:24.242215+00
c4698f4e-a98c-40e4-be48-8e5418acd6a5,P-MN4QFLHS-WO5HMW,no-ai,150,SARCASM,SARCASM,39753,2026-03-24 14:54:38.055666+00
c5199e2d-e306-423a-9280-0bdd5d00a616,P-MN4RCPOP-47G0AC,with-ai,177,NOT_SARCASM,NOT_SARCASM,3747,2026-03-24 15:17:34.032636+00
c5cfd16c-a128-4f03-867e-10ecc741d7c6,P-MN4Q70OG-ZR65MK,no-ai,134,SARCASM,NOT_SARCASM,35309,2026-03-24 14:58:05.256434+00
c8a98bcb-865c-4894-8321-dea8d390fc40,P-MN4R5D37-QSKUAZ,no-ai,210,SARCASM,SARCASM,13014,2026-03-24 15:12:11.302219+00
ca821def-bafa-4e55-8bc9-497540aab1c7,P-MN6QYDFE-Q5U4K4,with-ai,17,NOT_SARCASM,SARCASM,27882,2026-03-26 00:41:59.81423+00
ca8261c3-af78-4c7d-85e5-133345b497eb,P-MN4SBZ4P-VW2H9K,with-ai,3,NOT_SARCASM,SARCASM,663,2026-03-24 15:44:25.814914+00
ca906350-09f7-4543-9e0c-4a78b098c7e2,P-MN4RL5SN-IWZXI4,with-ai,207,SARCASM,SARCASM,9244,2026-03-24 15:28:02.664085+00
cc29d43d-93bb-4a6c-a5d1-966c16282fb2,P-MN4SB1JM-XI7KWK,no-ai,123,NOT_SARCASM,SARCASM,1271,2026-03-24 15:43:38.518804+00
ccde8289-f62a-45f5-8dff-eea9b385e2e6,P-MN4SB1JM-XI7KWK,no-ai,95,NOT_SARCASM,SARCASM,1264,2026-03-24 15:43:51.222977+00
cd095762-4ac5-455e-8e71-ba4d608b6220,P-MN4Q70OG-ZR65MK,no-ai,189,SARCASM,NOT_SARCASM,14858,2026-03-24 14:47:39.962047+00
cd12e919-7e2a-4e66-bbf7-45fcadd0d0d8,P-MN4RCPOP-47G0AC,with-ai,39,SARCASM,SARCASM,1489,2026-03-24 15:18:14.909857+00
cfd0e238-1a89-4ab3-9538-d793fee06f60,P-MN4RL5SN-IWZXI4,with-ai,99,NOT_SARCASM,NOT_SARCASM,4874,2026-03-24 15:23:58.395893+00
d058ca0a-7322-48b8-869f-d632b58e5149,P-MN6R7MGL-LOF01Y,no-ai,93,SARCASM,SARCASM,10085,2026-03-26 00:49:37.934948+00
d1ccd447-ca1a-41e7-98ad-fc7763ecebcf,P-MN4QYM0V-Y2P79R,no-ai,99,NOT_SARCASM,NOT_SARCASM,11520,2026-03-24 15:07:39.035152+00
d31cc7fb-946c-4455-a826-30cce267afec,P-MN4QRFUY-5YFWZO,with-ai,221,SARCASM,NOT_SARCASM,7550,2026-03-24 15:02:57.239096+00
d498a249-471f-46cf-9ba1-3868f9fd9151,P-MNJ0SBB7-Y2S0PH,with-ai,195,NOT_SARCASM,NOT_SARCASM,1440,2026-04-03 14:59:05.774258+00
d4a88f51-da09-4e92-92df-9060a08f6442,P-MN4QRFUY-5YFWZO,with-ai,168,SARCASM,SARCASM,843,2026-03-24 15:03:19.372083+00
d4eba4fb-73fe-40ca-8238-f9db4b65448f,P-MN6QYDFE-Q5U4K4,with-ai,17,NOT_SARCASM,SARCASM,28348,2026-03-26 00:42:01.534652+00
d56afdc0-4c9b-4fd0-90c5-601c33b457c3,P-MN4QYM0V-Y2P79R,no-ai,53,SARCASM,SARCASM,60001,2026-03-24 15:09:54.509632+00
d571cbd6-12ef-4180-a1b7-5566fda99846,P-MN6QYDFE-Q5U4K4,with-ai,17,NOT_SARCASM,SARCASM,28032,2026-03-26 00:41:59.936315+00
d7ed5f09-2699-4faf-ba14-4356be44e6f2,P-MN4QRFUY-5YFWZO,with-ai,197,SARCASM,SARCASM,2781,2026-03-24 15:03:16.543134+00
d84dafca-4099-44fe-88d3-e9f8f9e677ea,P-MN4QR6CY-096LZE,with-ai,12,NOT_SARCASM,NOT_SARCASM,16466,2026-03-24 15:04:39.777313+00
d8fa6cc3-c835-410a-a48d-1f3e6b83cc70,P-MN4RCPOP-47G0AC,with-ai,78,SARCASM,SARCASM,1617,2026-03-24 15:17:52.17008+00
d8fba930-fe64-4c16-983b-7aeda8a2187d,P-MN6QYDFE-Q5U4K4,with-ai,17,NOT_SARCASM,SARCASM,26482,2026-03-26 00:42:02.911237+00
d9521300-301d-4ab3-9744-e33dfce7cd2a,P-MN4QFLHS-WO5HMW,no-ai,124,NOT_SARCASM,SARCASM,15369,2026-03-24 14:56:33.938834+00
d9f26c21-c5af-4db8-aa1b-eb8934b0ee83,P-MN4QR6CY-096LZE,with-ai,93,SARCASM,SARCASM,16472,2026-03-24 15:04:56.41422+00
da8e4176-44b8-4daa-bddd-2ac3e688ecb7,P-MN6R7MGL-LOF01Y,no-ai,228,NOT_SARCASM,SARCASM,17424,2026-03-26 00:51:47.065917+00
de20dc43-47f6-4369-aa66-a642868dcaaf,P-MN6QYDFE-Q5U4K4,with-ai,35,NOT_SARCASM,NOT_SARCASM,10457,2026-03-26 00:43:37.469717+00
deec152d-8745-4483-b2a5-7a1599ae7c1a,P-MN4QRFUY-5YFWZO,with-ai,185,SARCASM,SARCASM,1327,2026-03-24 15:02:40.987314+00
e1871c88-3916-499e-b60b-ee900bce5b3d,P-MN4SBZ4P-VW2H9K,with-ai,9,NOT_SARCASM,NOT_SARCASM,1502,2026-03-24 15:44:34.738487+00
e1c2c4af-65ba-4967-866c-770021593808,P-MN6QYDFE-Q5U4K4,with-ai,6,SARCASM,SARCASM,28686,2026-03-26 00:45:34.448402+00
e1cf29c7-82fb-431b-a63a-2759651eb7eb,P-MN4RL5SN-IWZXI4,with-ai,166,NOT_SARCASM,SARCASM,43745,2026-03-24 15:26:07.67628+00
e4910ab2-c7e5-4831-9f40-493ef1073c5b,P-MN4R5D37-QSKUAZ,no-ai,7,SARCASM,NOT_SARCASM,8028,2026-03-24 15:16:02.731706+00
e50f6e17-5d4b-4632-9968-3921e04f26f4,P-MN6QYDFE-Q5U4K4,with-ai,22,NOT_SARCASM,NOT_SARCASM,5452,2026-03-26 00:46:44.548278+00
e53c420f-b8b8-4cf4-8fc6-31bc698d8d3c,P-MN6QYDFE-Q5U4K4,with-ai,17,NOT_SARCASM,SARCASM,28166,2026-03-26 00:42:00.074743+00
e714bdb2-9d2e-4a04-9191-80e49ffec0c7,P-MN4QFLHS-WO5HMW,no-ai,66,SARCASM,SARCASM,21785,2026-03-24 14:56:10.739072+00
e75a6d67-ca70-477f-8166-4eb62a2be1c1,P-MN6QYDFE-Q5U4K4,with-ai,61,SARCASM,SARCASM,7422,2026-03-26 00:44:00.099839+00
e979860b-af61-4a42-90ae-2e69cca83016,P-MN4RCPOP-47G0AC,with-ai,57,NOT_SARCASM,NOT_SARCASM,2210,2026-03-24 15:17:06.81555+00
e9b78d10-463b-4a75-96b3-f9f16d244e3a,P-MN4QR6CY-096LZE,with-ai,58,NOT_SARCASM,NOT_SARCASM,29110,2026-03-24 15:05:55.080669+00
eb2c6e40-2450-45a9-83fe-7758a25bac9a,P-MN4QR6CY-096LZE,with-ai,57,NOT_SARCASM,NOT_SARCASM,56993,2026-03-24 15:04:12.793746+00
ec3f1f0c-9c85-4108-8f1d-216175c715cd,P-MN4SB1JM-XI7KWK,no-ai,26,NOT_SARCASM,SARCASM,586,2026-03-24 15:43:41.104189+00
eea253a0-4d43-424d-aaad-2969602b969b,P-MN4RL5SN-IWZXI4,with-ai,173,SARCASM,NOT_SARCASM,36180,2026-03-24 15:24:54.335674+00
ef89b2a0-2831-4275-8679-4b5c1b7219d8,P-MN4QR6CY-096LZE,with-ai,133,SARCASM,SARCASM,12530,2026-03-24 15:01:18.841379+00
efc8d461-769b-419b-bd55-352ec5d81385,P-MN4QFLHS-WO5HMW,no-ai,122,NOT_SARCASM,SARCASM,13734,2026-03-24 14:53:17.866749+00
f0240bdb-1c70-4576-867c-cadc4ea94734,P-MN4QRFUY-5YFWZO,with-ai,31,NOT_SARCASM,SARCASM,27343,2026-03-24 15:02:34.342281+00
f06080d2-62f2-496e-a5cb-39b706764b14,P-MN4QYM0V-Y2P79R,no-ai,61,SARCASM,SARCASM,8155,2026-03-24 15:10:18.548758+00
f07b859b-0f31-454c-8170-83d0f6767e30,P-MN4QYM0V-Y2P79R,no-ai,83,NOT_SARCASM,NOT_SARCASM,5244,2026-03-24 15:10:10.295301+00
f0a97a35-2acc-417f-a671-fe1440d54ac4,P-MN6QYDFE-Q5U4K4,with-ai,205,NOT_SARCASM,NOT_SARCASM,5086,2026-03-26 00:47:05.121424+00
f0e8a6f3-f3be-4306-9212-b6c8f4cf2c8d,P-MN6R7MGL-LOF01Y,no-ai,68,NOT_SARCASM,SARCASM,35018,2026-03-26 00:50:22.520324+00
f237cdb8-1b2f-4424-89bb-0a3dc4c2f12c,P-MN4QYM0V-Y2P79R,no-ai,86,SARCASM,NOT_SARCASM,7827,2026-03-24 15:08:11.343882+00
f64cba4a-0ed6-4865-ad2d-27329890090d,P-MN6R7MGL-LOF01Y,no-ai,244,NOT_SARCASM,NOT_SARCASM,8558,2026-03-26 00:49:46.668531+00
f7f92e2f-033c-4f53-baff-d6a7aabcbbe9,P-MN4SBZ4P-VW2H9K,with-ai,44,NOT_SARCASM,NOT_SARCASM,752,2026-03-24 15:44:39.912495+00
f97e820f-9207-4506-8d44-32abca149b03,P-MN4RCPOP-47G0AC,with-ai,207,SARCASM,SARCASM,849,2026-03-24 15:18:12.256688+00
f9c4938a-4812-4eb3-832b-3ff51f71d91a,P-MN4RL5SN-IWZXI4,with-ai,226,SARCASM,SARCASM,22981,2026-03-24 15:25:17.447616+00
fb00aa05-fbe7-4f94-92c7-786a421ac5c9,P-MN4QR6CY-096LZE,with-ai,61,SARCASM,SARCASM,10212,2026-03-24 15:04:23.078368+00
fb0f3f4d-4a7b-440f-9b60-1501f69452fc,P-MN4R5D37-QSKUAZ,no-ai,82,SARCASM,NOT_SARCASM,4181,2026-03-24 15:15:17.832135+00
fb1b0795-305a-460e-8d7d-72ab3c9275c8,P-MN6R7MGL-LOF01Y,no-ai,46,SARCASM,NOT_SARCASM,23492,2026-03-26 00:50:50.056785+00
fc81d879-4b17-46cc-9fea-b91eba6eb6cf,P-MN4QFLHS-WO5HMW,no-ai,139,SARCASM,NOT_SARCASM,19976,2026-03-24 14:56:54.022471+00
fe831547-1c25-40f6-ae60-4a55f90b2fb5,P-MN4SB1JM-XI7KWK,no-ai,222,NOT_SARCASM,SARCASM,1122,2026-03-24 15:43:52.437437+00
fef42a9f-81d1-491b-a4bc-2a356fab0bde,P-MN4QR6CY-096LZE,with-ai,125,SARCASM,SARCASM,8572,2026-03-24 15:01:06.226802+00